/**********************************************************************************************************************************
***********************************************************************************************************************************
INSERCION DE DATOS EN LAS TABLAS 
***********************************************************************************************************************************
***********************************************************************************************************************************
*/


/*
*TABLA CLIENTE
*/
insert into CLIENTE (ID_CLIENTE, MIEMBRO_COMUNIDAD, TIPO_CLIENTE, NOMBRE_CLIENTE, EDAD) values (1, 'T', 'EMPLEADO', 'Rowen', 27);
insert into CLIENTE (ID_CLIENTE, MIEMBRO_COMUNIDAD, TIPO_CLIENTE, NOMBRE_CLIENTE, EDAD) values (2, 'T', 'PROFESOR', 'Vaughan', 23);
insert into CLIENTE (ID_CLIENTE, MIEMBRO_COMUNIDAD, TIPO_CLIENTE, NOMBRE_CLIENTE, EDAD) values (3, 'T', 'EMPLEADO', 'Sibylle', 38);
insert into CLIENTE (ID_CLIENTE, MIEMBRO_COMUNIDAD, TIPO_CLIENTE, NOMBRE_CLIENTE, EDAD) values (4, 'T', 'ESTUDIANTE', 'Lissa', 24);
insert into CLIENTE (ID_CLIENTE, MIEMBRO_COMUNIDAD, TIPO_CLIENTE, NOMBRE_CLIENTE, EDAD) values (5, 'T', 'PROFESOR', 'Briny', 47);
insert into CLIENTE (ID_CLIENTE, MIEMBRO_COMUNIDAD, TIPO_CLIENTE, NOMBRE_CLIENTE, EDAD) values (6, 'F', 'ESTUDIANTE', 'Kenneth', 53);
insert into CLIENTE (ID_CLIENTE, MIEMBRO_COMUNIDAD, TIPO_CLIENTE, NOMBRE_CLIENTE, EDAD) values (7, 'F', 'ESTUDIANTE', 'Boone', 18);
insert into CLIENTE (ID_CLIENTE, MIEMBRO_COMUNIDAD, TIPO_CLIENTE, NOMBRE_CLIENTE, EDAD) values (8, 'F', 'ESTUDIANTE', 'Lindsay', 19);
insert into CLIENTE (ID_CLIENTE, MIEMBRO_COMUNIDAD, TIPO_CLIENTE, NOMBRE_CLIENTE, EDAD) values (9, 'F', 'EMPLEADO', 'Orton', 23);
insert into CLIENTE (ID_CLIENTE, MIEMBRO_COMUNIDAD, TIPO_CLIENTE, NOMBRE_CLIENTE, EDAD) values (10, 'T', 'PROFESOR', 'Elden', 25);
insert into CLIENTE (ID_CLIENTE, MIEMBRO_COMUNIDAD, TIPO_CLIENTE, NOMBRE_CLIENTE, EDAD) values (11, 'T', 'ESTUDIANTE', 'Shepperd', 24);
insert into CLIENTE (ID_CLIENTE, MIEMBRO_COMUNIDAD, TIPO_CLIENTE, NOMBRE_CLIENTE, EDAD) values (12, 'F', 'PROFESOR', 'Vivien', 17);
insert into CLIENTE (ID_CLIENTE, MIEMBRO_COMUNIDAD, TIPO_CLIENTE, NOMBRE_CLIENTE, EDAD) values (13, 'T', 'EMPLEADO', 'Orelia', 33);
insert into CLIENTE (ID_CLIENTE, MIEMBRO_COMUNIDAD, TIPO_CLIENTE, NOMBRE_CLIENTE, EDAD) values (14, 'F', 'PROFESOR', 'Nowell', 22);
insert into CLIENTE (ID_CLIENTE, MIEMBRO_COMUNIDAD, TIPO_CLIENTE, NOMBRE_CLIENTE, EDAD) values (15, 'T', 'PROFESOR', 'Maryjo', 44);
insert into CLIENTE (ID_CLIENTE, MIEMBRO_COMUNIDAD, TIPO_CLIENTE, NOMBRE_CLIENTE, EDAD) values (16, 'T', 'EMPLEADO', 'Orton', 35);

/*
*TABLA VIVIENDA_UNIVERSITARIA
*/
insert into VIVIENDA_UNIVERSITARIA (ID_VIVIENDAU, AMOBLAMIENTO, CAPACIDAD_VIVIENDAU, DURACION_SERVICIO, SUPERINTENDENCIA_TURISMO, CAMARA_COMERCIO, NOMBRE)
values(2018,'T',600,3,'T','T','CITY_ANDES');

/*
*TABLA HOTEL
*/
insert into HOTEL (ID_HOTEL, CAPACIDAD_HOTEL, CAMARA_COMERCIO, SUPERINTENDENCIA_TURISMO, NOMBRE) values (21, 45, 'T', 'T', 'Carter');
insert into HOTEL (ID_HOTEL, CAPACIDAD_HOTEL, CAMARA_COMERCIO, SUPERINTENDENCIA_TURISMO, NOMBRE) values (22, 103, 'F', 'T', 'Hamillton');
insert into HOTEL (ID_HOTEL, CAPACIDAD_HOTEL, CAMARA_COMERCIO, SUPERINTENDENCIA_TURISMO, NOMBRE) values (23, 115,'T', 'T', 'Colonial');
insert into HOTEL (ID_HOTEL, CAPACIDAD_HOTEL, CAMARA_COMERCIO, SUPERINTENDENCIA_TURISMO, NOMBRE) values (24, 87, 'T', 'T', 'Melia');
insert into HOTEL (ID_HOTEL, CAPACIDAD_HOTEL, CAMARA_COMERCIO, SUPERINTENDENCIA_TURISMO, NOMBRE) values (25, 99, 'T', 'T', 'Sheraton');
insert into HOTEL (ID_HOTEL, CAPACIDAD_HOTEL, CAMARA_COMERCIO, SUPERINTENDENCIA_TURISMO, NOMBRE) values (26, 300,'T', 'T', 'Hilton');
insert into HOTEL (ID_HOTEL, CAPACIDAD_HOTEL, CAMARA_COMERCIO, SUPERINTENDENCIA_TURISMO, NOMBRE) values (27, 170, 'T', 'T', 'Holiday inn');
insert into HOTEL (ID_HOTEL, CAPACIDAD_HOTEL, CAMARA_COMERCIO, SUPERINTENDENCIA_TURISMO, NOMBRE) values (28, 233,'F', 'T', 'Bacata');
insert into HOTEL (ID_HOTEL, CAPACIDAD_HOTEL, CAMARA_COMERCIO, SUPERINTENDENCIA_TURISMO, NOMBRE) values (29, 444,'T', 'T', 'Walts');
insert into HOTEL (ID_HOTEL, CAPACIDAD_HOTEL, CAMARA_COMERCIO, SUPERINTENDENCIA_TURISMO, NOMBRE) values (30, 600,'T', 'T', 'FairMont');

/*
*TABLA PERSONA_NATURAL
*/
insert into PERSONA_NATURAL (ID_PERSONA, MIEMBRO_COMUNIDAD, CAMARA_COMERCIO, SUPERINTENDENCIA_TURISMO, NOMBRE, EDAD) values (31, 'T', 'F', 'T', 'Roberto', 55);
insert into PERSONA_NATURAL (ID_PERSONA, MIEMBRO_COMUNIDAD, CAMARA_COMERCIO, SUPERINTENDENCIA_TURISMO, NOMBRE, EDAD) values (32, 'T', 'F', 'F', 'Domingo', 32);
insert into PERSONA_NATURAL (ID_PERSONA, MIEMBRO_COMUNIDAD, CAMARA_COMERCIO, SUPERINTENDENCIA_TURISMO, NOMBRE, EDAD) values (33, 'T', 'F', 'F', 'Pedro', 46);
insert into PERSONA_NATURAL (ID_PERSONA, MIEMBRO_COMUNIDAD, CAMARA_COMERCIO, SUPERINTENDENCIA_TURISMO, NOMBRE, EDAD) values (34, 'T', 'F', 'F', 'Camila', 33);
insert into PERSONA_NATURAL (ID_PERSONA, MIEMBRO_COMUNIDAD, CAMARA_COMERCIO, SUPERINTENDENCIA_TURISMO, NOMBRE, EDAD) values (35, 'T', 'F', 'T', 'Lucinda', 65);
insert into PERSONA_NATURAL (ID_PERSONA, MIEMBRO_COMUNIDAD, CAMARA_COMERCIO, SUPERINTENDENCIA_TURISMO, NOMBRE, EDAD) values (36, 'T', 'F', 'F', 'Mariana', 48);
insert into PERSONA_NATURAL (ID_PERSONA, MIEMBRO_COMUNIDAD, CAMARA_COMERCIO, SUPERINTENDENCIA_TURISMO, NOMBRE, EDAD) values (37, 'T', 'F', 'F', 'Maria', 48);
/*
*TABLA SERVICIO_INMOBILIARIO 
*/
insert into SERVICIO_INMOBILIARIO (ID_SERVICIO_INMOBILIARIO, TIPO_SERVICIO_INMOBILIARIO, COSTO_SERVICIO_INMOBILIARIO) values (41, 'GIMNASIO', 100000);
insert into SERVICIO_INMOBILIARIO (ID_SERVICIO_INMOBILIARIO, TIPO_SERVICIO_INMOBILIARIO, COSTO_SERVICIO_INMOBILIARIO) values (42, 'SALA ESTUDIO', 0);
insert into SERVICIO_INMOBILIARIO (ID_SERVICIO_INMOBILIARIO, TIPO_SERVICIO_INMOBILIARIO, COSTO_SERVICIO_INMOBILIARIO) values (43, 'LAVANDERIA', 40000);
insert into SERVICIO_INMOBILIARIO (ID_SERVICIO_INMOBILIARIO, TIPO_SERVICIO_INMOBILIARIO, COSTO_SERVICIO_INMOBILIARIO) values (44, 'COMEDOR', 0);


/*
*TABLA SERVICIO_PUBLICO
*/
insert into SERVICIO_PUBLICO (ID_SERVICIO_PUBLICO, TIPO_SERVICIO_PUBLICO, COSTO_SERVICIO_PUBLICO) values (45, 'GAS', 56000);
insert into SERVICIO_PUBLICO (ID_SERVICIO_PUBLICO, TIPO_SERVICIO_PUBLICO, COSTO_SERVICIO_PUBLICO) values (46, 'INTERNET', 80000);
insert into SERVICIO_PUBLICO (ID_SERVICIO_PUBLICO, TIPO_SERVICIO_PUBLICO, COSTO_SERVICIO_PUBLICO) values (47, 'LUZ', 70000);
insert into SERVICIO_PUBLICO (ID_SERVICIO_PUBLICO, TIPO_SERVICIO_PUBLICO, COSTO_SERVICIO_PUBLICO) values (48, 'AGUA', 40000);


/*
*TABLA SALA
*/
insert into SALA (ID_SALA, COSTO, PROPOSITO, TIENE_COSTO_ADICIONAL, ID_VIVIENDAU) values (51, 150000, 'RESTAURANTE', 'T', 2018);
insert into SALA (ID_SALA, COSTO, PROPOSITO, TIENE_COSTO_ADICIONAL, ID_VIVIENDAU) values (52, 0,'SALA ESTUDIO','F', 2018);
insert into SALA (ID_SALA, COSTO, PROPOSITO, TIENE_COSTO_ADICIONAL, ID_VIVIENDAU) values (53, 0,'SALA ESPARCIMIENTO','F', 2018);
insert into SALA (ID_SALA, COSTO, PROPOSITO, TIENE_COSTO_ADICIONAL, ID_VIVIENDAU) values (54, 100000,'GIMNASIO','T', 2018);


/*
*TABLA HOSTAL 
*/
insert into HOSTAL (ID_HOSTAL, CAPACIDAD_HOSTAL, HORA_APERTURA, HORA_CIERRE, RECEPCION24_HORAS, CAMARA_COMERCIO, SUPERINTENDENCIA_TURISMO, NOMBRE) values (61, 40, '7:09', '17:28', 'T', 'T', 'T', 'Centro Capital');
insert into HOSTAL (ID_HOSTAL, CAPACIDAD_HOSTAL, HORA_APERTURA, HORA_CIERRE, RECEPCION24_HORAS, CAMARA_COMERCIO, SUPERINTENDENCIA_TURISMO, NOMBRE) values (62, 30, '5:46', '16:50', 'T', 'F', 'T', 'Hostal Andino');
insert into HOSTAL (ID_HOSTAL, CAPACIDAD_HOSTAL, HORA_APERTURA, HORA_CIERRE, RECEPCION24_HORAS, CAMARA_COMERCIO, SUPERINTENDENCIA_TURISMO, NOMBRE) values (63, 40, '8:39', '19:11', 'T', 'T', 'F', 'Turimo alpino');
insert into HOSTAL (ID_HOSTAL, CAPACIDAD_HOSTAL, HORA_APERTURA, HORA_CIERRE, RECEPCION24_HORAS, CAMARA_COMERCIO, SUPERINTENDENCIA_TURISMO, NOMBRE) values (64, 35, '7:24', '23:43', 'T','F', 'T', 'Turismo de los Andes');
insert into HOSTAL (ID_HOSTAL, CAPACIDAD_HOSTAL, HORA_APERTURA, HORA_CIERRE, RECEPCION24_HORAS, CAMARA_COMERCIO, SUPERINTENDENCIA_TURISMO, NOMBRE) values (65, 50, '6:56', '14:49', 'T', 'T', 'T', 'Citizens of the world');
insert into HOSTAL (ID_HOSTAL, CAPACIDAD_HOSTAL, HORA_APERTURA, HORA_CIERRE, RECEPCION24_HORAS, CAMARA_COMERCIO, SUPERINTENDENCIA_TURISMO, NOMBRE) values (66, 50, '9:11', '22:25', 'T', 'F', 'T', 'Bogota');
insert into HOSTAL (ID_HOSTAL, CAPACIDAD_HOSTAL, HORA_APERTURA, HORA_CIERRE, RECEPCION24_HORAS, CAMARA_COMERCIO, SUPERINTENDENCIA_TURISMO, NOMBRE) values (67, 41, '5:41', '17:00', 'T', 'T', 'T', 'Cheap nice');
insert into HOSTAL (ID_HOSTAL, CAPACIDAD_HOSTAL, HORA_APERTURA, HORA_CIERRE, RECEPCION24_HORAS, CAMARA_COMERCIO, SUPERINTENDENCIA_TURISMO, NOMBRE) values (68, 29, '11:14', '18:37', 'T', 'F', 'T', 'New World');
insert into HOSTAL (ID_HOSTAL, CAPACIDAD_HOSTAL, HORA_APERTURA, HORA_CIERRE, RECEPCION24_HORAS, CAMARA_COMERCIO, SUPERINTENDENCIA_TURISMO, NOMBRE) values (69, 40, '8:10', '17:28', 'T', 'F', 'T', 'Colombian Trips');
insert into HOSTAL (ID_HOSTAL, CAPACIDAD_HOSTAL, HORA_APERTURA, HORA_CIERRE, RECEPCION24_HORAS, CAMARA_COMERCIO, SUPERINTENDENCIA_TURISMO, NOMBRE) values (70, 44, '7:51', '21:27', 'T', 'F', 'T', 'Lugares Distintos');
insert into HOSTAL (ID_HOSTAL, CAPACIDAD_HOSTAL, HORA_APERTURA, HORA_CIERRE, RECEPCION24_HORAS, CAMARA_COMERCIO, SUPERINTENDENCIA_TURISMO, NOMBRE) values (71, 55, '5:43', '20:01', 'T', 'F', 'T', ' Hosta');
insert into HOSTAL (ID_HOSTAL, CAPACIDAD_HOSTAL, HORA_APERTURA, HORA_CIERRE, RECEPCION24_HORAS, CAMARA_COMERCIO, SUPERINTENDENCIA_TURISMO, NOMBRE) values (72, 33, '6:10', '16:15', 'T', 'T', 'T', 'Suramericana de turismo');


/*
*TABLA VECINO 
*/

insert into VECINO (ID_VECINO, EDAD, NOMBRE, MIEMBRO_COMUNIDAD, ID_PERSONA, CAMARA_COMERCIO, SUPERINTENDENCIA_TURISMO) values (73, 55, 'Roberto', 'T', 31, 'F', 'T');
insert into VECINO (ID_VECINO, EDAD, NOMBRE, MIEMBRO_COMUNIDAD, ID_PERSONA, CAMARA_COMERCIO, SUPERINTENDENCIA_TURISMO) values (74, 32, 'Domingo', 'T', 32, 'F', 'F');
insert into VECINO (ID_VECINO, EDAD, NOMBRE, MIEMBRO_COMUNIDAD, ID_PERSONA, CAMARA_COMERCIO, SUPERINTENDENCIA_TURISMO) values (75, 46, 'Pedro', 'T', 33, 'F', 'F');
insert into VECINO (ID_VECINO, EDAD, NOMBRE, MIEMBRO_COMUNIDAD, ID_PERSONA, CAMARA_COMERCIO, SUPERINTENDENCIA_TURISMO) values (76, 33, 'Camila', 'T', 34, 'F', 'F');

/*
*TABLA VIVIENDA 
*/
insert into VIVIENDA(ID_VIVIENDA, CARACTERISTICAS_SEGURO, CARACTERISTICAS_VIVIENDA, PRECIO_VIVIENDA, ID_VECINO) values (77, 'COVERTURA TOTAL', 'COLONIAL CON VISTA A LA MONTAÑA', 300000, 73);
insert into VIVIENDA(ID_VIVIENDA, CARACTERISTICAS_SEGURO, CARACTERISTICAS_VIVIENDA, PRECIO_VIVIENDA, ID_VECINO) values (78, 'COVERTURA PARCIAL', 'GRANDE Y ACABADOS EN MADERA', 450000, 74);
insert into VIVIENDA(ID_VIVIENDA, CARACTERISTICAS_SEGURO, CARACTERISTICAS_VIVIENDA, PRECIO_VIVIENDA, ID_VECINO) values (79, 'COVERTURA PARCIAL', 'ESPACIOS AMPLIOS', 400000, 75);
insert into VIVIENDA(ID_VIVIENDA, CARACTERISTICAS_SEGURO, CARACTERISTICAS_VIVIENDA, PRECIO_VIVIENDA, ID_VECINO) values (80, 'COVERTURA TOTAL', 'CERCANA A ESTACION DE TRANSMILENIO ', 250000, 76);

/*
*TABLA OFERTA
*/
insert into OFERTA (ID_OFERTA, NUM_RESERVAS, ID_VIVIENDAU) values (81, 400, 2018);


insert into OFERTA (ID_OFERTA, NUM_RESERVAS, ID_HOTEL) values (82, 50, 21);
insert into OFERTA (ID_OFERTA, NUM_RESERVAS, ID_HOTEL) values (83, 60, 22);
insert into OFERTA (ID_OFERTA, NUM_RESERVAS, ID_HOTEL) values (84, 16, 23);
insert into OFERTA (ID_OFERTA, NUM_RESERVAS, ID_HOTEL) values (85, 24, 24);
insert into OFERTA (ID_OFERTA, NUM_RESERVAS, ID_HOTEL) values (86, 43, 25);
insert into OFERTA (ID_OFERTA, NUM_RESERVAS, ID_HOTEL) values (87, 75, 26);
insert into OFERTA (ID_OFERTA, NUM_RESERVAS, ID_HOTEL) values (88, 88, 27);
insert into OFERTA (ID_OFERTA, NUM_RESERVAS, ID_HOTEL) values (89, 92, 28);
insert into OFERTA (ID_OFERTA, NUM_RESERVAS, ID_HOTEL) values (90, 41, 29);
insert into OFERTA (ID_OFERTA, NUM_RESERVAS, ID_HOTEL) values (91, 60, 30);

insert into OFERTA (ID_OFERTA, NUM_RESERVAS, ID_HOSTAL) values (92, 14, 61);
insert into OFERTA (ID_OFERTA, NUM_RESERVAS, ID_HOSTAL) values (93, 21, 62);
insert into OFERTA (ID_OFERTA, NUM_RESERVAS, ID_HOSTAL) values (94, 35, 63);
insert into OFERTA (ID_OFERTA, NUM_RESERVAS, ID_HOSTAL) values (95, 40, 64);
insert into OFERTA (ID_OFERTA, NUM_RESERVAS, ID_HOSTAL) values (96, 33, 65);
insert into OFERTA (ID_OFERTA, NUM_RESERVAS, ID_HOSTAL) values (97, 44, 66);


insert into OFERTA (ID_OFERTA, NUM_RESERVAS, ID_PERSONA) values (98, 55, 31);
insert into OFERTA (ID_OFERTA, NUM_RESERVAS, ID_PERSONA) values (99, 54, 32);
insert into OFERTA (ID_OFERTA, NUM_RESERVAS, ID_PERSONA) values (100, 300, 33);
insert into OFERTA (ID_OFERTA, NUM_RESERVAS, ID_PERSONA) values (101, 45, 34);
insert into OFERTA (ID_OFERTA, NUM_RESERVAS, ID_PERSONA) values (102, 60, 35);
insert into OFERTA (ID_OFERTA, NUM_RESERVAS, ID_PERSONA) values (103, 150,36);
insert into OFERTA (ID_OFERTA, NUM_RESERVAS, ID_PERSONA) values (104, 0,37);


/*
*TABLA RESERVA
*/

insert into RESERVA (ID_RESERVA, CONFIRMADA, TIEMPO_CANCELACION, VALOR, FECHA, ID_VIVIENDAU,ID_CLIENTE) values (104, 'T', '3:50', 500000, '20-02-2018', 2018, 1);
insert into RESERVA (ID_RESERVA, CONFIRMADA, TIEMPO_CANCELACION, VALOR, FECHA,ID_VIVIENDAU,ID_CLIENTE) values (105, 'T', '13:50', 700000, '21-03-2018', 2018,  2);
insert into RESERVA (ID_RESERVA, CONFIRMADA, TIEMPO_CANCELACION, VALOR, FECHA,  ID_PERSONA,ID_CLIENTE) values (106, 'T', '22:50', 900000, '20-03-2018', 31, 3);
insert into RESERVA (ID_RESERVA, CONFIRMADA, TIEMPO_CANCELACION, VALOR, FECHA,  ID_PERSONA,ID_CLIENTE) values (107, 'T', '11:50', 310000, '24-02-2018', 32, 4);
insert into RESERVA (ID_RESERVA, CONFIRMADA, TIEMPO_CANCELACION, VALOR, FECHA,  ID_PERSONA, ID_CLIENTE) values (108, 'T', '14:00', 1000000, '12-02-2018',33, 5);
insert into RESERVA (ID_RESERVA, CONFIRMADA, TIEMPO_CANCELACION, VALOR, FECHA, ID_HOTEL, ID_CLIENTE) values (109, 'T', '14:00', 630000, '05-02-2018', 21, 6);
insert into RESERVA (ID_RESERVA, CONFIRMADA, TIEMPO_CANCELACION, VALOR, FECHA, ID_HOTEL, ID_CLIENTE) values (110, 'F', '15:00', 180000,'07-02-2018', 22, 7);
insert into RESERVA (ID_RESERVA, CONFIRMADA, TIEMPO_CANCELACION, VALOR, FECHA, ID_HOTEL, ID_CLIENTE) values (111, 'T', '16:00', 670000, '15-03-2018', 23, 8);
insert into RESERVA (ID_RESERVA, CONFIRMADA, TIEMPO_CANCELACION, VALOR, FECHA, ID_HOTEL, ID_CLIENTE) values (112, 'F','1:00', 100000, '20-03-2018', 24, 9);
insert into RESERVA (ID_RESERVA, CONFIRMADA, TIEMPO_CANCELACION, VALOR, FECHA, ID_HOTEL, ID_CLIENTE) values (113, 'T', '22:00', 550000, '23-02-2018', 25, 10);
insert into RESERVA (ID_RESERVA, CONFIRMADA, TIEMPO_CANCELACION, VALOR, FECHA, ID_HOSTAL, ID_CLIENTE) values (114, 'T', '8:00', 290000, '20-03-2018', 61, 11);
insert into RESERVA (ID_RESERVA, CONFIRMADA, TIEMPO_CANCELACION, VALOR, FECHA, ID_HOSTAL, ID_CLIENTE) values (116, 'F', '11:00', 100000, '18-02-2018', 63, 13);
insert into RESERVA (ID_RESERVA, CONFIRMADA, TIEMPO_CANCELACION, VALOR, FECHA, ID_HOTEL, ID_CLIENTE) values (117, 'T', '13:00', 890000,'24-02-2018', 26, 14);
insert into RESERVA (ID_RESERVA, CONFIRMADA, TIEMPO_CANCELACION, VALOR, FECHA, ID_HOTEL, ID_CLIENTE) values (118, 'T', '14:30', 100000, '25-02-2018', 27, 15);
insert into RESERVA (ID_RESERVA, CONFIRMADA, TIEMPO_CANCELACION, VALOR, FECHA, ID_HOTEL, ID_CLIENTE) values (119, 'T', '14:30', 100000, '25-03-2018', 27, 15);

/*
*TABLA APARTAMENTO
*/
insert into APARTAMENTO (ID_APARTAMENTO, AMOBLADO, CAPACIDAD_APTO, PRECIO_APTO, ID_PERSONA, ID_OFERTA) values (120, 'T', 6, 450000, 35, 102);
insert into APARTAMENTO (ID_APARTAMENTO, AMOBLADO, CAPACIDAD_APTO, PRECIO_APTO, ID_PERSONA, ID_OFERTA) values (121, 'T', 5, 53000, 36, 103);

/*
*TABLA HABITACION
*/

insert into HABITACION (ID_HABITACION,  CAPACIDAD_HABITACION, PRECIO, TAMANIO, TIPO, UBICACION, ID_RESERVA,ID_OFERTA, ID_VIVIENDAU) values (201, 1, 40000, 10, 'ESTANDAR', 'ULTIMO PISO',104,81, 2018);
insert into HABITACION (ID_HABITACION,  CAPACIDAD_HABITACION, PRECIO, TAMANIO, TIPO, UBICACION, ID_RESERVA, ID_OFERTA, ID_VIVIENDAU) values (202, 1, 30000, 4, 'ESTANDAR', 'VISTA A LA CALLE',105, 81, 2018);

insert into HABITACION (ID_HABITACION,  CAPACIDAD_HABITACION, PRECIO, TAMANIO, TIPO, UBICACION, ID_RESERVA, ID_OFERTA, ID_PERSONA) values (203, 2, 50000, 5, 'ESTANDAR', 'SEGUNDO PISO', 106, 98, 31);
insert into HABITACION (ID_HABITACION,  CAPACIDAD_HABITACION, PRECIO, TAMANIO, TIPO, UBICACION, ID_RESERVA, ID_OFERTA, ID_PERSONA) values (204, 2, 46000, 7, 'ESTANDAR', 'TERCER PISO', 107, 99, 32);
insert into HABITACION (ID_HABITACION,  CAPACIDAD_HABITACION, PRECIO, TAMANIO, TIPO, UBICACION, ID_RESERVA, ID_OFERTA, ID_PERSONA) values (205, 4, 81000, 10, 'ESTANDAR', 'ULTIMO PISO', 108, 100, 33);


insert into HABITACION (ID_HABITACION,  CAPACIDAD_HABITACION, PRECIO, TAMANIO, TIPO, UBICACION, ID_RESERVA, ID_OFERTA, ID_HOTEL) values (206, 4, 80000, 10, 'ESTANDAR', 'VISTA A LA CALLE', 109, 82, 21);
insert into HABITACION (ID_HABITACION,  CAPACIDAD_HABITACION, PRECIO, TAMANIO, TIPO, UBICACION, ID_RESERVA, ID_OFERTA, ID_HOTEL) values (207, 4, 73000, 10, 'DOBLE', 'VISTA A LA CALLE', 110, 83, 22);
insert into HABITACION (ID_HABITACION,  CAPACIDAD_HABITACION, PRECIO, TAMANIO, TIPO, UBICACION, ID_RESERVA, ID_OFERTA, ID_HOTEL) values (208, 1, 37000, 4, 'SUITE', 'ULTIMO PISO', 111, 84, 23);
insert into HABITACION (ID_HABITACION,  CAPACIDAD_HABITACION, PRECIO, TAMANIO, TIPO, UBICACION, ID_RESERVA, ID_OFERTA, ID_HOTEL) values (209, 2, 40000, 6, 'SEMI-SUITE', 'VISTA A LA CALLE', 112, 85, 24);
insert into HABITACION (ID_HABITACION,  CAPACIDAD_HABITACION, PRECIO, TAMANIO, TIPO, UBICACION, ID_RESERVA, ID_OFERTA, ID_HOTEL) values (210, 2, 30000, 7, 'ESTANDAR', 'SEGUNDO PISO', 113, 86, 25);
insert into HABITACION (ID_HABITACION,  CAPACIDAD_HABITACION, PRECIO, TAMANIO, TIPO, UBICACION, ID_RESERVA, ID_OFERTA, ID_HOTEL) values (211, 3, 48000, 5, 'SUITE', 'VISTA A LA CALLE', 117, 87, 26);
insert into HABITACION (ID_HABITACION,  CAPACIDAD_HABITACION, PRECIO, TAMANIO, TIPO, UBICACION, ID_RESERVA, ID_OFERTA, ID_HOTEL) values (212, 4, 57000, 10, 'DOBLE', 'ULTIMO PISO', 118, 88, 27);


insert into HABITACION (ID_HABITACION,  CAPACIDAD_HABITACION, PRECIO, TAMANIO, TIPO, UBICACION, ID_RESERVA, ID_OFERTA, ID_HOSTAL) values (213, 1, 61000, 9, 'ESTANDAR', 'VISTA A LA CALLE', 114, 92, 61);
insert into HABITACION (ID_HABITACION,  CAPACIDAD_HABITACION, PRECIO, TAMANIO, TIPO, UBICACION, ID_RESERVA, ID_OFERTA, ID_HOSTAL) values (214, 2, 31000, 11, 'ESTANDAR', 'SEGUNDO PISO', 116, 93, 63);


/*
*TABLA HABITACIONES_INMOBILIARIO
*/
insert into HABITACIONES_INMOBILIARIOS (ID_SERVICIO_INMOBILIARIO, ID_HABITACION) values (41, 203);
insert into HABITACIONES_INMOBILIARIOS (ID_SERVICIO_INMOBILIARIO, ID_HABITACION) values (42, 207);
insert into HABITACIONES_INMOBILIARIOS (ID_SERVICIO_INMOBILIARIO, ID_HABITACION) values (43, 208);
insert into HABITACIONES_INMOBILIARIOS (ID_SERVICIO_INMOBILIARIO, ID_HABITACION) values (44, 210);


/*
*TABLA HABITACIONES_SERVICIOSPUBLICOS
*/
insert into HABITACIONES_SERVICIOSPUBLICOS (ID_SERVICIO_PUBLICO, ID_HABITACION) values (45, 203);
insert into HABITACIONES_SERVICIOSPUBLICOS (ID_SERVICIO_PUBLICO, ID_HABITACION) values (46, 207);
insert into HABITACIONES_SERVICIOSPUBLICOS (ID_SERVICIO_PUBLICO, ID_HABITACION) values (47, 208);
insert into HABITACIONES_SERVICIOSPUBLICOS (ID_SERVICIO_PUBLICO, ID_HABITACION) values (48, 210);


/**********************************************************************************************************************************
***********************************************************************************************************************************
REQUERIMIENTOS FUNCIONALES ADICIONALES
***********************************************************************************************************************************
***********************************************************************************************************************************
*/

/*
*BORRAR UNA RESERVA
*/
DELETE FROM RESERVA
WHERE ID_RESERVA = 119;

/*
*RETIRAR UNA OFERTA DE ALOJAMIENTO
*/
DELETE FROM OFERTA
WHERE NUM_RESERVAS = 0;



